{"noiseKey":{"private":{"type":"Buffer","data":"eLTB5X+EYBN1/q3n7dxmD3eYJkZBm5Ykq0AYidZmAEs="},"public":{"type":"Buffer","data":"HS08qZH6I9LBHVVsKhbbl3Mcud3Ig2U8Hs6BsoPQZC8="}},"signedIdentityKey":{"private":{"type":"Buffer","data":"MMBF1CTKvZKYmk3bHbTkgk2ZMI8awHukMN/nLbjsmGI="},"public":{"type":"Buffer","data":"xzDETzz3C18YqH+1ZqnsdE/lzhIddWXjnK8MTc5eRCk="}},"signedPreKey":{"keyPair":{"private":{"type":"Buffer","data":"CNZiNfr1/jr2XKMCgy5oqVsSwufalrAJ8S4A6qSownA="},"public":{"type":"Buffer","data":"8XYukiCfBzLpVy39mjv8hSjWKw6WHEZmduwpuBYjzyo="}},"signature":{"type":"Buffer","data":"XP7pXH6nS8We5yk0qtQw8mhhQ1MmkdHRaYkRVpVlIvdXjL2XRzima97rYd+6A4ejMjZkbHMHbWGCLqp6PCxTjQ=="},"keyId":1},"registrationId":159,"advSecretKey":"WvWXnT8yaBhS+oW5bBqz4CaPle8A50S+pxoQsTR+9RI=","processedHistoryMessages":[{"key":{"remoteJid":"6285745447239@s.whatsapp.net","fromMe":true,"id":"54FB056B5A0B8DE516B6CD96E223E97D"},"messageTimestamp":1673534324},{"key":{"remoteJid":"6285745447239@s.whatsapp.net","fromMe":true,"id":"D69429F52085FD9F045D4DDCDE04FE65"},"messageTimestamp":1673534324},{"key":{"remoteJid":"6285745447239@s.whatsapp.net","fromMe":true,"id":"F221935CB061604A6965E7F0F5581A00"},"messageTimestamp":1673534326},{"key":{"remoteJid":"6285745447239@s.whatsapp.net","fromMe":true,"id":"223A11D137CCCFCEF1C11BD8D2AF5B22"},"messageTimestamp":1673534327}],"nextPreKeyId":31,"firstUnuploadedPreKeyId":31,"accountSyncCounter":1,"accountSettings":{"unarchiveChats":false},"account":{"details":"CO7a//EEEPG2gJ4GGAE=","accountSignatureKey":"V4qt4jHLJwpg9KZkwwZ9GUQjc9Oxlwz1NOfIpaPTDxQ=","accountSignature":"9sDIHBwqbE/ujWBn5LY2EO1PyUvMKIxEdG1uhckQrHjy+uIPdFhHQ1EKKqRhFnQcgP4h0ACEFmT1KflSZ2WjAA==","deviceSignature":"ML8/2vusjUWvOy24ozaZBDvjfEwSMvlSRuNzKrAHb3z4+cH/I6l0bZE7HuMBAs0UcGNdkyrqdY1fk5nbNzmagw=="},"me":{"id":"6285745447239:12@s.whatsapp.net","name":"XYTZY BOT🔥"},"signalIdentities":[{"identifier":{"name":"6285745447239:12@s.whatsapp.net","deviceId":0},"identifierKey":{"type":"Buffer","data":"BVeKreIxyycKYPSmZMMGfRlEI3PTsZcM9TTnyKWj0w8U"}}],"platform":"android","lastAccountSyncTimestamp":1673534322,"myAppStateKeyId":"AAAAAFVm"}