{"_sessions":{"BZMzeTEhZjr/QDlydpsDW2DDNjKDPy3Pa8cQjr7sXBom":{"registrationId":331057170,"currentRatchet":{"ephemeralKeyPair":{"pubKey":"BdOZDRdaZiMHyMCtZLaw4OJh4UL4x+yJSL2Rjn9NdgxR","privKey":"6Kf5rRGo11A5AaxMDVNFnEG60w/dMfP9XB0X6jMgX28="},"lastRemoteEphemeralKey":"BRxQPUvxlMEpEgRXoKbdNs5I9Ji/7J6qzLqluDIgnsle","previousCounter":0,"rootKey":"Xc4n4xxiPl4yEsvQqznb8CrRVZlyXGqJK1q1zeSVz4o="},"indexInfo":{"baseKey":"BZMzeTEhZjr/QDlydpsDW2DDNjKDPy3Pa8cQjr7sXBom","baseKeyType":2,"closed":-1,"used":1673534351917,"created":1673534351917,"remoteIdentityKey":"BVl4ccDC+8zAYGuui+MMSEeuYADCYqm8FX30nM5Tr/pJ"},"_chains":{"BRxQPUvxlMEpEgRXoKbdNs5I9Ji/7J6qzLqluDIgnsle":{"chainKey":{"counter":0,"key":"UfiU+cdui+X5qVTc988N4bs0+k0n/NNzojsYFMf5m4Y="},"chainType":2,"messageKeys":{}},"BdOZDRdaZiMHyMCtZLaw4OJh4UL4x+yJSL2Rjn9NdgxR":{"chainKey":{"counter":-1,"key":"OU/MLSpw7WohYzxHT/0sAit2pZskPjex/jdDRmj03jE="},"chainType":1,"messageKeys":{}}}}},"version":"v1"}