{"_sessions":{"BW0/785TtpbSwM/NDi65AnvdScMRe31TQ3Mt6Mg7wboN":{"registrationId":1515571563,"currentRatchet":{"ephemeralKeyPair":{"pubKey":"Bbjv9aFgT3Mb3mInvM7mwPVcWHli8J0TrOfPLL/gc8JN","privKey":"QJd1YXDR5eN+Fb5t4wFWZxptgZhCRM/mFGZN0YS/iVI="},"lastRemoteEphemeralKey":"BR3MUF+FFD/7u8Q4Gv34cAqEewFlnpLcFb2aV9q55TEh","previousCounter":0,"rootKey":"6FeB9cCZVv7JOVBRUjWON4iIyy36TSLjcbuhGnrQlvw="},"indexInfo":{"baseKey":"BW0/785TtpbSwM/NDi65AnvdScMRe31TQ3Mt6Mg7wboN","baseKeyType":2,"closed":-1,"used":1673534324417,"created":1673534324417,"remoteIdentityKey":"BVeKreIxyycKYPSmZMMGfRlEI3PTsZcM9TTnyKWj0w8U"},"_chains":{"BR3MUF+FFD/7u8Q4Gv34cAqEewFlnpLcFb2aV9q55TEh":{"chainKey":{"counter":7,"key":"WA/0B5tBwGBN1D6sC10sH2KGHDEVWOgTueAzDohIh2M="},"chainType":2,"messageKeys":{}},"Bbjv9aFgT3Mb3mInvM7mwPVcWHli8J0TrOfPLL/gc8JN":{"chainKey":{"counter":-1,"key":"enk44uGaz4G9HCE6jeVLNNrnOYX46uMFxwiI3h5See0="},"chainType":1,"messageKeys":{}}}}},"version":"v1"}