{"_sessions":{"BZOIRs2Pq3PNHJuYt4RZ7dA9Ekh9fBaT5+S2bm2Z3T8U":{"registrationId":273869434,"currentRatchet":{"ephemeralKeyPair":{"pubKey":"BdCHuEdBIOQzhOURi5sEFMMw5fwFLNMELUL9ivyzpytN","privKey":"eAcTzloxPh5thhlFqmfhbgzJxo1bOhEakMD2/OQnPXU="},"lastRemoteEphemeralKey":"BaI8RenYEQppqRtH/KPcI+3gpNKneec4ZYYDacO22lJI","previousCounter":0,"rootKey":"2GWG0V3q5UXSQirhzUpeg09F80JRdxrQNN1HWkuoqUc="},"indexInfo":{"baseKey":"BZOIRs2Pq3PNHJuYt4RZ7dA9Ekh9fBaT5+S2bm2Z3T8U","baseKeyType":2,"closed":-1,"used":1673534343552,"created":1673534343552,"remoteIdentityKey":"BeQniamNUb9FNLgDD0g9DFrsNVJ0SPfJbLyePnTamxt4"},"_chains":{"BaI8RenYEQppqRtH/KPcI+3gpNKneec4ZYYDacO22lJI":{"chainKey":{"counter":0,"key":"3gNhSHnGU/oLu3tnKrfF1JNFrL5ng716o45EZZVBdBs="},"chainType":2,"messageKeys":{}},"BdCHuEdBIOQzhOURi5sEFMMw5fwFLNMELUL9ivyzpytN":{"chainKey":{"counter":-1,"key":"eiNDrqKdWXkXuYFVdOz6VZ6ypmazu10hEMlC44yXjnA="},"chainType":1,"messageKeys":{}}}}},"version":"v1"}