{"_sessions":{"Be/zIqFBaxqRw9A+Fw6XbAGnO5+m5z1AzEr1CsqhfEQl":{"registrationId":2032189211,"currentRatchet":{"ephemeralKeyPair":{"pubKey":"BYuFXRkreWd8jAAPUk7dI3wBW+4acAbSB5fHHVu/xNl3","privKey":"OMgnquIF8DLHZFc2klNEgiqvpslSM9BPVJ1KUo4erFY="},"lastRemoteEphemeralKey":"BeuxUg+CzJAqTfoz7pLSMgfXc04pfdjF1Iqm5S9MSYYK","previousCounter":0,"rootKey":"nHcpgrhpnFyZRO0xxB6zkihRjeH1HPOojv0yz15htRU="},"indexInfo":{"baseKey":"Be/zIqFBaxqRw9A+Fw6XbAGnO5+m5z1AzEr1CsqhfEQl","baseKeyType":2,"closed":-1,"used":1673534347216,"created":1673534347216,"remoteIdentityKey":"BaeB3gV7m1H1x+7KoRXzALMWiJmVNa/cG1Lp13iY7uUO"},"_chains":{"BeuxUg+CzJAqTfoz7pLSMgfXc04pfdjF1Iqm5S9MSYYK":{"chainKey":{"counter":0,"key":"vv+cA1uEZzIdbmthn4u8/QSF5l7gUg9VuZ4Upv8UiC4="},"chainType":2,"messageKeys":{}},"BYuFXRkreWd8jAAPUk7dI3wBW+4acAbSB5fHHVu/xNl3":{"chainKey":{"counter":-1,"key":"P1Ef8jRgy8NKyHDWmRBxwBm78U5SSJbM+Cy+9uH4CHw="},"chainType":1,"messageKeys":{}}}}},"version":"v1"}